CustomerID,FirstName,LastName,Email,Phone,City,State,LastUpdated
1,Laura,Rodriguez,laura.rodriguez1@outlook.com,+1-790-241-3870,New York,NY,2024-05-26 21:00:00
2,Neha,Miller,neha.miller2@example.com,+1-646-850-9056,Miami,FL,2024-05-10 05:00:00
3,Rahul,Garcia,rahul.garcia3@outlook.com,+1-886-307-3634,Denver,CO,2024-05-15 10:00:00
4,Rohan,Brown,rohan.brown4@company.co.in,+1-978-763-1601,Portland,OR,2024-05-11 21:00:00
5,Amit,Kumar,amit.kumar5@gmail.com,+1-991-613-9431,Seattle,WA,2024-05-10 10:00:00
6,Robert,Sharma,robert.sharma6@yahoo.com,+1-730-570-9167,Miami,FL,2024-05-15 01:00:00
7,David,Jones,david.jones7@example.com,+1-334-494-8178,Los Angeles,CA,2024-05-08 08:00:00
8,William,Garcia,william.garcia8@example.com,+1-445-926-3594,Houston,TX,2024-05-02 20:00:00
9,Meera,Davis,meera.davis9@gmail.com,+1-430-316-8560,New York,NY,2024-05-19 13:00:00
10,Sneha,Gupta,,+1-922-479-7807,Portland,OR,2024-05-24 09:00:00
11,Robert,Garcia,robert.garcia11@example.com,+1-348-592-4122,Portland,OR,2024-05-09 14:00:00
12,Ava,Martinez,ava.martinez12@company.co.in,+1-548-719-5377,Phoenix,AZ,2024-05-04 08:00:00
13,Robert,Sharma,robert.sharma13@example.com,+1-793-875-9022,Austin,TX,2024-05-25 09:00:00
14,Emma,Gupta,emma.gupta14@outlook.com,+1-540-765-9903,Miami,FL,2024-05-19 15:00:00
15,Sanjay,Jones,sanjay.jones15@yahoo.com,+1-785-592-4826,Seattle,WA,2024-05-08 22:00:00
16,Emma,Brown,emma.brown16@company.co.in,+1-922-590-7325,Los Angeles,CA,2024-05-12 23:00:00
17,Laura,Gupta,laura.gupta17@example.com,+1-804-539-2644,Portland,OR,2024-05-03 04:00:00
18,Emma,Jones,emma.jones18@gmail.com,+1-939-347-7717,Houston,TX,2024-05-18 14:00:00
19,Emma,Gupta,emma.gupta19@outlook.com,+1-838-909-7512,Chicago,IL,2024-05-17 08:00:00
20,David,Kumar,david.kumar20@company.co.in,+1-524-841-8994,Seattle,WA,2024-05-23 17:00:00
21,Emma,Davis,emma.davis21@yahoo.com,+1-846-900-5708,Los Angeles,CA,2024-05-21 02:00:00
22,Divya,Kumar,divya.kumar22@gmail.com,+1-654-370-5906,Atlanta,GA,2024-05-05 20:00:00
23,William,Sharma,william.sharma23@outlook.com,+1-567-583-8056,Los Angeles,CA,2024-05-12 01:00:00
24,Vikram,Iyer,vikram.iyer24@yahoo.com,+1-374-379-2293,Atlanta,GA,2024-05-20 21:00:00
25,Sarah,Williams,sarah.williams25@yahoo.com,+1-437-672-5161,San Diego,CA,2024-05-17 18:00:00
26,Amit,Mehta,amit.mehta26@outlook.com,+1-893-759-3588,New York,NY,2024-05-27 14:00:00
27,Rahul,Jones,rahul.jones27@company.co.in,+1-906-456-8484,Denver,CO,2024-05-20 09:00:00
28,Emma,Joshi,emma.joshi28@gmail.com,+1-442-590-6881,San Antonio,TX,2024-05-14 15:00:00
29,Michael,Joshi,michael.joshi29@company.co.in,+1-481-208-1803,Austin,TX,2024-05-02 21:00:00
30,Ava,Martinez,ava.martinez30@example.com,+1-560-424-4115,Portland,OR,2024-05-11 07:00:00
31,Sarah,Mehta,sarah.mehta31@gmail.com,+1-516-651-1546,Phoenix,,2024-05-22 03:00:00
32,Michael,Johnson,michael.johnson32@outlook.com,+1-965-625-3877,Phoenix,AZ,2024-05-04 09:00:00
33,Karan,Gupta,karan.gupta33@outlook.com,+1-368-463-8894,Denver,CO,2024-05-18 16:00:00
34,Olivia,Joshi,olivia.joshi34@company.co.in,+1-277-344-4696,Seattle,WA,2024-05-27 03:00:00
35,Emma,Williams,emma.williams35@gmail.com,+1-470-749-3024,Denver,CO,2024-05-04 12:00:00
36,Amit,Johnson,amit.johnson36@outlook.com,+1-310-891-4830,Dallas,TX,2024-05-20 12:00:00
37,Neha,Sharma,neha.sharma37@gmail.com,+1-850-675-5951,Seattle,WA,2024-05-21 07:00:00
38,David,Brown,david.brown38@gmail.com,+1-511-704-2902,Houston,TX,2024-05-06 01:00:00
39,Sneha,Iyer,sneha.iyer39@outlook.com,+1-886-960-9850,Phoenix,AZ,2024-05-14 14:00:00
40,Pooja,Rodriguez,pooja.rodriguez40@gmail.com,+1-701-830-7686,Phoenix,AZ,2024-05-15 20:00:00
41,Arjun,Patel,arjun.patel41@company.co.in,+1-441-571-2627,Denver,CO,2024-05-08 14:00:00
42,Laura,Johnson,laura.johnson42@outlook.com,+1-394-325-8450,Denver,CO,2024-05-03 12:00:00
43,Rahul,Nair,rahul.nair43@yahoo.com,+1-328-778-4362,New York,NY,2024-05-03 10:00:00
44,Rahul,Davis,rahul.davis44@yahoo.com,+1-536-992-3417,San Antonio,TX,2024-05-20 06:00:00
45,Olivia,Martinez,olivia.martinez45@yahoo.com,+1-753-456-3858,New York,NY,2024-05-10 04:00:00
46,Sneha,Sharma,sneha.sharma46@yahoo.com,+1-802-531-1258,Phoenix,AZ,2024-05-02 11:00:00
47,Anita,Mehta,anita.mehta47@company.co.in,+1-738-316-2041,Los Angeles,CA,2024-05-06 23:00:00
48,Neha,Jones,neha.jones48@gmail.com,+1-662-715-4629,Denver,CO,2024-05-18 18:00:00
49,Sarah,Patel,sarah.patel49@gmail.com,+1-262-690-7580,Austin,TX,2024-05-16 20:00:00
50,Pooja,Singh,pooja.singh50@gmail.com,+1-282-529-3430,Portland,OR,2024-05-24 14:00:00
51,Rahul,Gupta,rahul.gupta51@example.com,+1-761-929-6327,Dallas,TX,2024-05-21 20:00:00
52,Sanjay,Martinez,sanjay.martinez52@example.com,+1-640-301-2874,Austin,TX,2024-05-16 16:00:00
53,Emma,Davis,emma.davis53@yahoo.com,+1-623-547-8430,San Antonio,TX,2024-05-15 14:00:00
54,Sanjay,Brown,sanjay.brown54@outlook.com,+1-881-461-7132,Houston,TX,2024-05-12 13:00:00
55,Vikram,Garcia,vikram.garcia55@gmail.com,+1-642-298-7105,Chicago,IL,2024-05-04 02:00:00
56,Olivia,Gupta,olivia.gupta56@example.com,+1-537-886-3002,Los Angeles,CA,2024-05-20 17:00:00
57,Pooja,Johnson,pooja.johnson57@outlook.com,+1-814-519-6761,Atlanta,GA,2024-05-25 01:00:00
58,Sneha,Rodriguez,sneha.rodriguez58@company.co.in,+1-429-310-6736,San Antonio,TX,2024-05-06 21:00:00
59,Emma,Davis,emma.davis59@example.com,+1-431-639-1430,Denver,CO,2024-05-05 08:00:00
60,Sarah,Mehta,sarah.mehta60@outlook.com,+1-547-559-1100,New York,NY,2024-05-07 08:00:00
61,Anita,Gupta,anita.gupta61@gmail.com,+1-293-964-9691,Boston,MA,2024-05-04 04:00:00
62,Karan,Williams,karan.williams62@yahoo.com,+1-578-519-6314,Atlanta,GA,2024-05-16 10:00:00
63,James,Rodriguez,james.rodriguez63@yahoo.com,+1-972-832-1815,Chicago,IL,2024-05-03 04:00:00
64,Laura,Kumar,laura.kumar64@company.co.in,+1-697-821-8242,Dallas,TX,2024-05-16 21:00:00
65,Pooja,Mehta,pooja.mehta65@gmail.com,+1-553-640-2816,San Antonio,TX,2024-05-26 16:00:00
66,Meera,Rodriguez,meera.rodriguez66@outlook.com,+1-246-425-7475,Portland,OR,2024-05-18 21:00:00
67,Sarah,Patel,sarah.patel67@yahoo.com,+1-985-340-5186,New York,NY,2024-05-08 09:00:00
68,Meera,Smith,meera.smith68@company.co.in,+1-379-332-7229,Houston,TX,2024-05-02 15:00:00
69,Emily,Iyer,emily.iyer69@gmail.com,N/A,Denver,CO,2024-05-04 12:00:00
70,Ava,Kumar,ava.kumar70@example.com,+1-614-926-7843,Seattle,WA,2024-05-20 13:00:00
71,Meera,Singh,meera.singh71@yahoo.com,+1-832-671-6928,Boston,MA,2024-05-02 10:00:00
72,Rahul,Brown,rahul.brown72@example.com,+1-610-736-2288,Houston,TX,2024-05-09 13:00:00
73,Sanjay,Joshi,sanjay.joshi73@yahoo.com,+1-278-722-2868,Seattle,WA,2024-05-09 10:00:00
74,John,Miller,john.miller74@outlook.com,+1-944-860-3419,SAN ANTONIO,TX,2024-05-26 11:00:00
75,Divya,Singh,divya.singh75@yahoo.com,+1-816-356-2234,Phoenix,AZ,2024-05-10 06:00:00
76,Anita,Garcia,anita.garcia76@example.com,+1-659-897-6295,Miami,FL,2024-05-26 18:00:00
77,Emma,Smith,emma.smith77@company.co.in,+1-652-846-5961,Phoenix,,2024-05-16 02:00:00
78,Olivia,Mehta,olivia.mehta78@gmail.com,+1-517-672-8404,Los Angeles,CA,2024-05-13 16:00:00
79,Priya,Patel,priya.patel79@gmail.com,+1-829-808-9307,Denver,CO,2024-05-11 02:00:00
80,Sanjay,Jones,sanjay.jones80@yahoo.com,+1-529-819-8792,Los Angeles,CA,2024-05-16 18:00:00
81,John,Gupta,john.gupta81@outlook.com,+1-931-286-9266,Los Angeles,CA,2024-05-16 03:00:00
82,David,Reddy,david.reddy82@company.co.in,+1-649-736-9564,Los Angeles,CA,2024-05-09 22:00:00
83,Sarah,Reddy,sarah.reddy83@company.co.in,+1-618-993-6543,Denver,CO,2024-05-13 09:00:00
84,Laura,Martinez,laura.martinez84@outlook.com,+1-267-537-2548,Los Angeles,CA,2024-05-27 20:00:00
85,Emily,Williams,emily.williams85@example.com,+1-353-541-2335,AUSTIN,TX,2024-05-10 23:00:00
86,Michael,Gupta,michael.gupta86@company.co.in,+1-332-809-2388,Denver,CO,2024-05-11 20:00:00
87,Meera,Davis,meera.davis87@yahoo.com,+1-886-919-9624,Boston,MA,2024-05-22 10:00:00
88,Rahul,Brown,rahul.brown88@outlook.com,+1-384-419-6598,Denver,CO,2024-05-02 11:00:00
89,James,Garcia,james.garcia89@yahoo.com,+1-279-502-2657,San Antonio,TX,2024-05-09 04:00:00
90,John,Davis,john.davis90@example.com,+1-334-811-7172,Los Angeles,CA,2024-05-23 10:00:00
91,Vikram,Reddy,vikram.reddy91@yahoo.com,+1-938-648-1715,Philadelphia,PA,2024-05-24 19:00:00
92,Pooja,Johnson,pooja.johnson92@outlook.com,+1-970-966-8355,San Diego,CA,2024-05-16 19:00:00
93,Divya,Davis,divya.davis93@yahoo.com,+1-576-894-8218,San Diego,CA,2024-05-11 15:00:00
94,Amit,Joshi,amit.joshi94@company.co.in,+1-365-404-3267,Boston,MA,2024-05-18 16:00:00
95,Emma,Mehta,emma.mehta95@outlook.com,+1-767-305-9452,Los Angeles,CA,2024-05-22 15:00:00
96,Emma,Singh,emma.singh96@outlook.com,+1-660-725-3414,Austin,TX,2024-05-04 05:00:00
97,Robert,Brown,robert.brown97@outlook.com,+1-227-624-1872,Chicago,IL,2024-05-09 14:00:00
98,Sanjay,Miller,sanjay.miller98@gmail.com,+1-583-429-1461,Denver,CO,2024-05-09 12:00:00
99,Rohan,Singh,rohan.singh99@yahoo.com,+1-239-493-8740,Seattle,WA,2024-05-27 04:00:00
100,Daniel,Gupta,daniel.gupta100@gmail.com,+1-281-219-5193,Portland,OR,2024-05-16 19:00:00
101,Karan,Gupta,karan.gupta101@yahoo.com,+1-508-324-1782,Atlanta,GA,2024-05-05 09:00:00
102,Divya,Brown,divya.brown102@company.co.in,+1-811-748-1269,Miami,FL,2024-05-04 03:00:00
103,David,Miller,david.miller103@outlook.com,+1-639-201-6780,San Diego,CA,2024-05-24 04:00:00
104,Divya,Rodriguez,divya.rodriguez104@gmail.com,+1-736-569-2108,Atlanta,GA,2024-05-07 21:00:00
105,John,Davis,john.davis105@gmail.com,N/A,New York,NY,2024-05-14 15:00:00
106,Arjun,Sharma,arjun.sharma106@outlook.com,+1-446-950-2698,Denver,CO,2024-05-27 02:00:00
107,James,Rodriguez,james.rodriguez107@outlook.com,+1-759-546-3868,Seattle,WA,2024-05-06 01:00:00
108,Robert,Jones,robert.jones108@yahoo.com,+1-264-933-8498,Portland,OR,2024-05-22 05:00:00
109,Priya,Joshi,priya.joshi109@gmail.com,+1-523-517-9444,San Antonio,TX,2024-05-03 06:00:00
110,Sanjay,Davis,sanjay.davis110@yahoo.com,+1-492-565-1783,Portland,OR,2024-05-10 01:00:00
111,Emma,Smith,emma.smith111@company.co.in,+1-609-961-8204,Dallas,TX,2024-05-05 11:00:00
112,William,Williams,william.williams112@company.co.in,+1-576-731-5369,Seattle,WA,2024-05-07 15:00:00
113,Olivia,Kumar,olivia.kumar113@example.com,+1-384-758-5813,Atlanta,GA,2024-05-04 13:00:00
114,Rohan,Singh,rohan.singh114@outlook.com,+1-513-656-7981,Chicago,IL,2024-05-12 21:00:00
115,Anita,Jones,anita.jones115@outlook.com,+1-829-645-5498,Denver,CO,2024-05-16 01:00:00
116,David,Patel,david.patel116@company.co.in,+1-572-725-3621,Chicago,IL,2024-05-23 20:00:00
117,Aarav,Gupta,aarav.gupta117@gmail.com,+1-441-997-7001,Miami,FL,2024-05-03 04:00:00
118,Kavya,Williams,kavya.williams118@company.co.in,+1-579-580-8273,Los Angeles,CA,2024-05-21 04:00:00
119,James,Kumar,james.kumar119@company.co.in,+1-521-865-5566,Phoenix,AZ,2024-05-18 11:00:00
120,Divya,Singh,divya.singh120@company.co.in,+1-730-596-2929,New York,NY,2024-05-25 05:00:00
121,Arjun,Mehta,arjun.mehta121@outlook.com,+1-910-702-4279,Miami,FL,2024-05-08 19:00:00
122,Sneha,Gupta,sneha.gupta122@company.co.in,+1-289-898-6236,Chicago,IL,2024-05-16 05:00:00
123,Laura,Johnson,laura.johnson123@outlook.com,+1-507-361-3852,Chicago,IL,2024-05-19 17:00:00
124,Olivia,Johnson,olivia.johnson124@yahoo.com,+1-442-705-1430,San Diego,CA,2024-05-05 06:00:00
125,Kavya,Davis,,+1-826-288-2077,Denver,CO,2024-05-16 17:00:00
126,Meera,Williams,meera.williams126@company.co.in,+1-788-275-3053,Portland,OR,2024-05-18 13:00:00
127,Rohan,Kumar,rohan.kumar127@example.com,+1-552-331-3981,Miami,FL,2024-05-16 21:00:00
128,James,Gupta,james.gupta128@gmail.com,+1-730-356-5982,Atlanta,GA,2024-05-18 01:00:00
129,Anita,Reddy,anita.reddy129@outlook.com,+1-731-490-2292,Seattle,WA,2024-05-24 07:00:00
130,Arjun,Nair,arjun.nair130@outlook.com,+1-829-746-2530,Dallas,TX,2024-05-06 20:00:00
131,John,Reddy,john.reddy131@example.com,+1-937-819-6531,Phoenix,AZ,2024-05-07 21:00:00
132,Robert,Rodriguez,robert.rodriguez132@gmail.com,+1-856-989-5336,Los Angeles,CA,2024-05-02 02:00:00
133,David,Nair,david.nair133@gmail.com,+1-709-842-9938,Atlanta,GA,2024-05-21 20:00:00
134,Meera,Joshi,meera.joshi134@company.co.in,+1-504-664-2195,Portland,OR,2024-05-09 21:00:00
135,Daniel,Patel,daniel.patel135@company.co.in,+1-675-408-6573,Philadelphia,PA,2024-05-16 13:00:00
136,Sarah,Gupta,sarah.gupta136@outlook.com,+1-608-333-7070,Seattle,WA,2024-05-24 10:00:00
137,John,Davis,john.davis137@company.co.in,+1-325-473-8366,Houston,TX,2024-05-12 07:00:00
138,Divya,Gupta,divya.gupta138@company.co.in,+1-830-628-5067,Houston,TX,2024-05-03 09:00:00
139,Emma,Reddy,emma.reddy139@outlook.com,+1-394-981-3610,Seattle,WA,2024-05-20 23:00:00
140,Neha,Miller,neha.miller140@company.co.in,+1-223-292-7442,Miami,FL,2024-05-17 09:00:00
141,John,Jones,john.jones141@outlook.com,+1-249-251-5609,San Diego,CA,2024-05-08 18:00:00
142,Neha,Martinez,neha.martinez142@gmail.com,+1-310-641-3194,Portland,OR,2024-05-11 17:00:00
143,William,Mehta,william.mehta143@outlook.com,+1-246-610-1838,Denver,CO,2024-05-26 12:00:00
144,Michael,Davis,michael.davis144@outlook.com,+1-275-595-9261,San Antonio,TX,2024-05-13 17:00:00
145,Amit,Davis,amit.davis145@example.com,+1-321-331-2584,Dallas,TX,2024-05-21 21:00:00
146,Sanjay,Johnson,sanjay.johnson146@yahoo.com,+1-403-816-9341,Seattle,WA,2024-05-19 11:00:00
147,Sanjay,Miller,sanjay.miller147@yahoo.com,+1-930-541-8761,Los Angeles,CA,2024-05-03 01:00:00
148,John,Jones,john.jones148@yahoo.com,+1-535-827-6218,Phoenix,AZ,2024-05-21 16:00:00
149,Anita,Williams,anita.williams149@example.com,+1-721-745-9025,Austin,TX,2024-05-20 10:00:00
150,Daniel,Rodriguez,daniel.rodriguez150@outlook.com,+1-539-889-2795,Austin,TX,2024-05-17 00:00:00
151,Pooja,Rodriguez,pooja.rodriguez151@gmail.com,+1-811-685-5350,Austin,TX,2024-05-27 23:00:00
152,David,Rodriguez,david.rodriguez152@example.com,+1-691-374-9589,San Diego,CA,2024-05-25 01:00:00
153,David,Martinez,david.martinez153@yahoo.com,+1-232-786-2800,Boston,MA,2024-05-06 21:00:00
154,Karan,Sharma,karan.sharma154@yahoo.com,+1-622-907-4340,Miami,FL,2024-05-12 13:00:00
155,Pooja,Miller,pooja.miller155@gmail.com,+1-922-341-9498,Portland,OR,2024-05-25 23:00:00
156,Karan,Davis,,+1-585-521-3837,Seattle,WA,2024-05-23 15:00:00
157,Amit,Davis,amit.davis157@outlook.com,+1-824-695-4150,Seattle,WA,2024-05-19 11:00:00
158,Divya,Mehta,divya.mehta158@outlook.com,+1-921-412-9011,Austin,TX,2024-05-09 09:00:00
159,Rohan,Garcia,rohan.garcia159@outlook.com,+1-494-324-9899,Denver,CO,2024-05-19 23:00:00
160,Sanjay,Williams,sanjay.williams160@outlook.com,+1-243-494-2294,Denver,CO,2024-05-26 04:00:00
161,Kavya,Jones,kavya.jones161@yahoo.com,+1-406-751-5442,Dallas,TX,2024-05-25 15:00:00
162,Ava,Davis,ava.davis162@example.com,+1-958-800-4920,Dallas,TX,2024-05-06 03:00:00
163,Divya,Patel,divya.patel163@gmail.com,+1-302-623-6411,San Diego,CA,2024-05-22 07:00:00
164,Daniel,Garcia,daniel.garcia164@gmail.com,+1-763-361-7666,Houston,TX,2024-05-23 04:00:00
165,David,Garcia,david.garcia165@outlook.com,+1-528-492-1969,Portland,OR,2024-05-22 06:00:00
166,Ava,Kumar,ava.kumar166@gmail.com,+1-379-627-3880,San Diego,CA,2024-05-19 23:00:00
167,Ava,Patel,ava.patel167@yahoo.com,+1-966-496-1613,Boston,MA,2024-05-27 15:00:00
168,Aarav,Joshi,aarav.joshi168@company.co.in,+1-856-756-9590,Houston,TX,2024-05-12 09:00:00
169,Neha,Gupta,neha.gupta169@gmail.com,+1-538-366-8518,Miami,FL,2024-05-10 06:00:00
170,David,Mehta,david.mehta170@outlook.com,+1-502-781-4164,Philadelphia,PA,2024-05-02 23:00:00
171,Anita,Martinez,anita.martinez171@outlook.com,+1-288-610-2562,Boston,MA,2024-05-15 16:00:00
172,Anita,Gupta,anita.gupta172@gmail.com,+1-467-592-4858,Portland,OR,2024-05-12 07:00:00
173,Amit,Mehta,amit.mehta173@example.com,+1-211-467-6890,Seattle,WA,2024-05-11 18:00:00
174,Daniel,Iyer,daniel.iyer174@company.co.in,+1-514-363-7642,Los Angeles,CA,2024-05-23 03:00:00
175,Laura,Miller,laura.miller175@outlook.com,+1-576-829-4618,Austin,TX,2024-05-24 03:00:00
176,Divya,Gupta,divya.gupta176@example.com,+1-582-625-9998,Portland,OR,2024-05-06 14:00:00
177,Ava,Garcia,ava.garcia177@example.com,+1-283-738-8319,San Antonio,TX,2024-05-26 07:00:00
178,John,Johnson,john.johnson178@gmail.com,+1-760-717-4312,Chicago,IL,2024-05-20 03:00:00
179,Michael,Davis,michael.davis179@example.com,+1-652-319-4365,Phoenix,AZ,2024-05-07 10:00:00
180,Daniel,Rodriguez,daniel.rodriguez180@company.co.in,+1-256-664-3161,Portland,OR,2024-05-04 16:00:00
181,John,Brown,john.brown181@example.com,+1-673-888-6049,Miami,FL,2024-05-20 01:00:00
182,Sofia,Sharma,sofia.sharma182@yahoo.com,+1-792-274-1742,Boston,MA,2024-05-10 00:00:00
183,Pooja,Johnson,pooja.johnson183@gmail.com,+1-683-232-5703,Chicago,IL,2024-05-19 01:00:00
184,Pooja,Reddy,pooja.reddy184@company.co.in,+1-583-591-8348,Phoenix,AZ,2024-05-26 20:00:00
185,Emma,Williams,emma.williams185@example.com,+1-336-869-6697,Boston,MA,2024-05-04 21:00:00
186,Sneha,Reddy,sneha.reddy186@yahoo.com,+1-203-974-1372,Boston,MA,2024-05-18 04:00:00
187,Meera,Jones,meera.jones187@yahoo.com,+1-453-671-6671,Atlanta,GA,2024-05-19 12:00:00
188,Vikram,Mehta,vikram.mehta188@gmail.com,+1-876-629-1256,San Antonio,TX,2024-05-25 03:00:00
189,Divya,Nair,divya.nair189@gmail.com,+1-657-812-1797,Chicago,IL,2024-05-05 19:00:00
190,Divya,Patel,divya.patel190@example.com,+1-422-972-1924,Boston,MA,2024-05-16 07:00:00
191,Vikram,Miller,vikram.miller191@example.com,+1-526-791-6253,Austin,TX,2024-05-09 23:00:00
192,Divya,Joshi,divya.joshi192@yahoo.com,+1-623-507-5508,Phoenix,AZ,2024-05-23 16:00:00
193,Priya,Davis,priya.davis193@company.co.in,+1-769-707-1768,Philadelphia,PA,2024-05-22 21:00:00
194,Kavya,Williams,kavya.williams194@company.co.in,+1-352-507-7167,Seattle,WA,2024-05-24 13:00:00
195,Anita,Davis,,+1-924-347-8586,Portland,OR,2024-05-09 07:00:00
196,Ava,Patel,ava.patel196@example.com,+1-337-597-4978,Atlanta,GA,2024-05-15 17:00:00
197,Arjun,Nair,arjun.nair197@company.co.in,+1-579-294-9775,Seattle,WA,2024-05-22 02:00:00
198,Sofia,Nair,sofia.nair198@example.com,+1-817-240-2192,Los Angeles,CA,2024-05-10 12:00:00
199,Karan,Rodriguez,karan.rodriguez199@outlook.com,+1-510-215-4470,San Antonio,TX,2024-05-17 06:00:00
200,Ava,Nair,ava.nair200@yahoo.com,+1-912-818-4350,Houston,TX,2024-05-25 15:00:00
201,Sanjay,Iyer,sanjay.iyer201@company.co.in,+1-677-746-6886,Seattle,WA,2024-05-26 09:00:00
202,Meera,Mehta,meera.mehta202@company.co.in,+1-300-939-8692,Denver,CO,2024-05-18 15:00:00
203,James,Smith,james.smith203@company.co.in,+1-246-776-4625,San Antonio,TX,2024-05-13 10:00:00
204,Sofia,Gupta,sofia.gupta204@example.com,+1-793-937-7841,New York,NY,2024-05-10 17:00:00
205,Meera,Gupta,meera.gupta205@company.co.in,+1-783-451-9180,San Antonio,TX,2024-05-12 07:00:00
206,Emily,Smith,emily.smith206@company.co.in,+1-671-372-6770,Dallas,TX,2024-05-26 15:00:00
207,Anita,Gupta,anita.gupta207@gmail.com,+1-736-234-2217,Portland,OR,2024-05-07 17:00:00
208,Robert,Patel,robert.patel208@yahoo.com,+1-269-924-3474,New York,NY,2024-05-15 04:00:00
209,Aarav,Nair,aarav.nair209@example.com,+1-853-882-8916,Miami,FL,2024-05-13 01:00:00
210,Laura,Garcia,laura.garcia210@example.com,+1-621-212-1274,New York,NY,2024-05-02 17:00:00
211,John,Mehta,john.mehta211@company.co.in,+1-383-309-2578,Austin,TX,2024-05-02 16:00:00
212,John,Gupta,john.gupta212@example.com,+1-458-562-5379,San Diego,CA,2024-05-08 19:00:00
213,Olivia,Williams,olivia.williams213@company.co.in,+1-778-449-4700,Chicago,IL,2024-05-13 12:00:00
214,Meera,Kumar,meera.kumar214@company.co.in,+1-586-765-8798,Los Angeles,CA,2024-05-04 12:00:00
215,Priya,Sharma,priya.sharma215@company.co.in,+1-860-539-2562,Philadelphia,PA,2024-05-04 15:00:00
216,William,Miller,william.miller216@example.com,+1-686-477-1762,Los Angeles,CA,2024-05-09 06:00:00
217,Ava,Kumar,ava.kumar217@gmail.com,+1-383-522-1256,Dallas,TX,2024-05-19 18:00:00
218,Karan,Rodriguez,karan.rodriguez218@company.co.in,+1-278-506-3661,Phoenix,AZ,2024-05-26 22:00:00
219,Michael,Iyer,michael.iyer219@outlook.com,+1-593-973-3292,Boston,MA,2024-05-23 17:00:00
220,Olivia,Kumar,olivia.kumar220@company.co.in,+1-437-277-6580,Denver,CO,2024-05-03 03:00:00
221,Sarah,Martinez,sarah.martinez221@gmail.com,+1-849-479-8381,Boston,MA,2024-05-26 10:00:00
222,Neha,Iyer,neha.iyer222@company.co.in,+1-390-896-7227,Denver,CO,2024-05-19 12:00:00
223,Rahul,Martinez,rahul.martinez223@gmail.com,+1-284-474-3526,Austin,TX,2024-05-27 07:00:00
224,Sanjay,Gupta,sanjay.gupta224@gmail.com,+1-293-205-6050,Boston,MA,2024-05-12 11:00:00
225,Amit,Johnson,amit.johnson225@gmail.com,+1-391-641-8353,Dallas,TX,2024-05-05 04:00:00
226,Emily,Davis,emily.davis226@gmail.com,+1-562-767-2524,Atlanta,GA,2024-05-05 00:00:00
227,Sarah,Martinez,sarah.martinez227@outlook.com,+1-623-597-2387,Seattle,WA,2024-05-14 00:00:00
228,Sofia,Davis,sofia.davis228@yahoo.com,+1-901-589-3777,San Diego,CA,2024-05-20 16:00:00
229,Vikram,Mehta,vikram.mehta229@yahoo.com,+1-264-371-8121,Austin,TX,2024-05-10 15:00:00
230,Arjun,Brown,arjun.brown230@outlook.com,+1-457-452-9123,Austin,TX,2024-05-17 02:00:00
231,Sarah,Martinez,sarah.martinez231@yahoo.com,+1-511-206-7483,San Antonio,TX,2024-05-16 03:00:00
232,Rohan,Martinez,rohan.martinez232@company.co.in,+1-542-640-3230,Boston,MA,2024-05-27 10:00:00
233,Meera,Smith,meera.smith233@yahoo.com,+1-607-526-5775,San Antonio,TX,2024-05-17 10:00:00
234,Sofia,Garcia,sofia.garcia234@outlook.com,+1-602-573-2865,San Diego,CA,2024-05-12 12:00:00
235,Ava,Rodriguez,ava.rodriguez235@yahoo.com,+1-898-986-1440,San Antonio,TX,2024-05-20 17:00:00
236,Sofia,Jones,sofia.jones236@gmail.com,+1-618-889-9180,San Antonio,TX,2024-05-16 09:00:00
237,Vikram,Joshi,vikram.joshi237@yahoo.com,+1-932-633-7176,San Diego,CA,2024-05-10 21:00:00
238,Rahul,Jones,rahul.jones238@example.com,+1-718-908-7853,Portland,OR,2024-05-20 12:00:00
239,Emily,Patel,emily.patel239@example.com,+1-853-287-2791,Denver,CO,2024-05-24 17:00:00
240,James,Iyer,james.iyer240@example.com,+1-245-776-7547,Denver,CO,2024-05-07 20:00:00
241,James,Smith,james.smith241@gmail.com,+1-464-427-9366,Atlanta,GA,2024-05-05 00:00:00
242,Sofia,Miller,sofia.miller242@company.co.in,+1-674-990-9199,San Diego,CA,2024-05-16 11:00:00
243,Vikram,Johnson,vikram.johnson243@outlook.com,+1-625-287-2901,New York,NY,2024-05-17 03:00:00
244,Robert,Gupta,robert.gupta244@company.co.in,+1-411-733-8912,Denver,CO,2024-05-11 10:00:00
245,Kavya,Garcia,kavya.garcia245@company.co.in,+1-526-268-5919,Houston,TX,2024-05-16 23:00:00
246,Priya,Singh,priya.singh246@gmail.com,+1-893-368-4996,New York,NY,2024-05-12 20:00:00
247,John,Reddy,john.reddy247@company.co.in,+1-673-437-7636,Philadelphia,PA,2024-05-12 17:00:00
248,David,Reddy,david.reddy248@company.co.in,+1-605-229-4232,Philadelphia,PA,2024-05-22 21:00:00
249,Amit,Rodriguez,amit.rodriguez249@yahoo.com,+1-410-485-2025,Atlanta,GA,2024-05-14 00:00:00
250,Michael,Singh,michael.singh250@yahoo.com,+1-668-316-5298,Philadelphia,PA,2024-05-13 10:00:00
251,Laura,Garcia,laura.garcia251@example.com,+1-601-801-2871,Seattle,WA,2024-05-21 12:00:00
252,Kavya,Johnson,kavya.johnson252@outlook.com,+1-829-804-2388,Miami,FL,2024-05-21 05:00:00
253,Laura,Gupta,laura.gupta253@outlook.com,+1-319-387-7116,Seattle,WA,2024-05-05 07:00:00
254,Daniel,Gupta,daniel.gupta254@yahoo.com,+1-788-592-7931,Boston,MA,2024-05-15 19:00:00
255,Anita,Garcia,anita.garcia255@company.co.in,+1-495-343-4065,Philadelphia,PA,2024-05-19 05:00:00
256,Rohan,Jones,rohan.jones256@company.co.in,+1-339-399-7290,Los Angeles,CA,2024-05-13 00:00:00
257,Emily,Miller,emily.miller257@company.co.in,+1-625-927-8272,Portland,OR,2024-05-15 21:00:00
258,Neha,Reddy,neha.reddy258@yahoo.com,+1-499-233-5503,Chicago,IL,2024-05-20 00:00:00
259,Divya,Davis,divya.davis259@example.com,+1-960-991-9115,Austin,TX,2024-05-07 14:00:00
260,Emily,Miller,emily.miller260@outlook.com,+1-993-756-7010,Houston,TX,2024-05-20 03:00:00
261,Emily,Patel,emily.patel261@company.co.in,+1-304-953-5055,Miami,FL,2024-05-19 06:00:00
262,Meera,Patel,meera.patel262@gmail.com,+1-649-320-4882,Miami,FL,2024-05-10 11:00:00
263,Karan,Rodriguez,karan.rodriguez263@company.co.in,+1-369-830-3281,Denver,CO,2024-05-24 19:00:00
264,Olivia,Nair,olivia.nair264@example.com,+1-559-745-5605,San Antonio,TX,2024-05-27 01:00:00
265,Sarah,Davis,sarah.davis265@outlook.com,+1-496-786-5380,Philadelphia,PA,2024-05-12 22:00:00
266,Emma,Miller,emma.miller266@gmail.com,+1-483-871-3078,Houston,TX,2024-05-06 13:00:00
267,Daniel,Gupta,daniel.gupta267@outlook.com,+1-453-979-7434,San Diego,CA,2024-05-06 22:00:00
268,Neha,Gupta,neha.gupta268@company.co.in,+1-662-277-2525,Dallas,TX,2024-05-22 13:00:00
269,Sanjay,Miller,sanjay.miller269@company.co.in,+1-699-535-1040,Dallas,TX,2024-05-24 11:00:00
270,Emma,Kumar,emma.kumar270@outlook.com,+1-264-747-7516,Miami,FL,2024-05-22 21:00:00
271,Karan,Brown,karan.brown271@outlook.com,+1-490-545-9967,San Antonio,TX,2024-05-17 08:00:00
272,Michael,Gupta,michael.gupta272@gmail.com,+1-247-301-8529,Portland,OR,2024-05-27 10:00:00
273,Aarav,Singh,aarav.singh273@gmail.com,+1-638-407-3161,Philadelphia,PA,2024-05-16 14:00:00
274,William,Joshi,william.joshi274@outlook.com,+1-456-284-7092,Philadelphia,PA,2024-05-10 02:00:00
275,Laura,Reddy,laura.reddy275@outlook.com,+1-943-916-4836,Los Angeles,CA,2024-05-14 20:00:00
276,Pooja,Kumar,pooja.kumar276@company.co.in,+1-279-335-4705,Houston,TX,2024-05-02 06:00:00
277,John,Jones,john.jones277@outlook.com,+1-323-632-3165,New York,NY,2024-05-02 22:00:00
278,Neha,Kumar,neha.kumar278@gmail.com,+1-305-520-7022,San Diego,CA,2024-05-14 02:00:00
279,William,Joshi,william.joshi279@yahoo.com,+1-270-743-1138,Phoenix,AZ,2024-05-14 04:00:00
280,Sarah,Reddy,sarah.reddy280@yahoo.com,+1-843-966-3480,Miami,FL,2024-05-13 23:00:00
281,Ava,Brown,ava.brown281@gmail.com,+1-343-970-3017,MIAMI,FL,2024-05-08 02:00:00
282,Michael,Williams,michael.williams282@yahoo.com,+1-453-483-2380,Denver,CO,2024-05-15 10:00:00
283,Divya,Davis,divya.davis283@gmail.com,+1-874-508-4366,Austin,TX,2024-05-26 22:00:00
284,John,Martinez,john.martinez284@outlook.com,+1-861-255-4921,San Antonio,TX,2024-05-25 12:00:00
285,Neha,Williams,neha.williams285@example.com,+1-272-740-1197,Houston,TX,2024-05-09 15:00:00
286,Kavya,Smith,kavya.smith286@company.co.in,+1-574-759-3830,Phoenix,AZ,2024-05-14 18:00:00
287,James,Garcia,james.garcia287@gmail.com,+1-214-468-4534,Chicago,IL,2024-05-02 18:00:00
288,Priya,Patel,priya.patel288@example.com,+1-985-625-7939,Boston,MA,2024-05-18 09:00:00
289,Daniel,Williams,daniel.williams289@example.com,+1-830-356-5546,Chicago,IL,2024-05-22 17:00:00
290,Rahul,Joshi,rahul.joshi290@yahoo.com,+1-749-534-7401,Chicago,IL,2024-05-18 06:00:00
291,Michael,Kumar,michael.kumar291@yahoo.com,+1-259-450-2412,Austin,TX,2024-05-24 13:00:00
292,Ava,Brown,ava.brown292@example.com,+1-256-516-3877,Houston,TX,2024-05-16 19:00:00
293,Sneha,Sharma,sneha.sharma293@yahoo.com,+1-708-555-9568,Phoenix,AZ,2024-05-24 00:00:00
294,John,Mehta,john.mehta294@outlook.com,+1-950-320-1480,Philadelphia,PA,2024-05-13 04:00:00
295,Rohan,Brown,rohan.brown295@outlook.com,+1-929-790-2262,Dallas,TX,2024-05-18 02:00:00
296,Neha,Jones,neha.jones296@example.com,+1-370-576-3577,Denver,CO,2024-05-03 15:00:00
297,Arjun,Singh,arjun.singh297@example.com,+1-202-245-1201,Houston,TX,2024-05-09 23:00:00
298,Divya,Patel,divya.patel298@yahoo.com,+1-383-236-7870,Portland,OR,2024-05-13 12:00:00
299,Divya,Smith,divya.smith299@outlook.com,+1-477-279-7108,San Diego,CA,2024-05-15 23:00:00
300,Sneha,Miller,sneha.miller300@example.com,+1-247-610-2129,Los Angeles,CA,2024-05-07 07:00:00
301,William,Jones,william.jones301@outlook.com,+1-288-766-8483,Austin,TX,2024-05-26 09:00:00
302,Aarav,Johnson,aarav.johnson302@outlook.com,+1-957-837-4974,San Antonio,TX,2024-05-11 18:00:00
303,Amit,Johnson,amit.johnson303@example.com,+1-978-451-3466,Portland,OR,2024-05-26 06:00:00
304,Aarav,Brown,aarav.brown304@outlook.com,+1-851-910-1157,New York,NY,2024-05-09 17:00:00
305,Rohan,Sharma,rohan.sharma305@outlook.com,+1-306-410-9680,Boston,MA,2024-05-25 23:00:00
306,Divya,Brown,divya.brown306@outlook.com,+1-295-244-4792,Portland,OR,2024-05-03 04:00:00
307,William,Miller,william.miller307@company.co.in,+1-965-286-2565,Atlanta,GA,2024-05-24 11:00:00
308,John,Gupta,john.gupta308@example.com,+1-263-645-3141,Boston,MA,2024-05-04 18:00:00
309,Divya,Joshi,divya.joshi309@outlook.com,+1-525-663-5455,Dallas,TX,2024-05-12 12:00:00
310,Divya,Kumar,divya.kumar310@gmail.com,+1-359-308-3693,San Antonio,TX,2024-05-06 18:00:00
311,Amit,Jones,amit.jones311@example.com,+1-566-988-4401,Seattle,WA,2024-05-15 03:00:00
312,Amit,Joshi,amit.joshi312@gmail.com,+1-361-902-5984,Miami,FL,2024-05-10 03:00:00
313,Robert,Martinez,robert.martinez313@yahoo.com,+1-293-928-5066,Los Angeles,CA,2024-05-08 10:00:00
314,Kavya,Williams,kavya.williams314@outlook.com,+1-378-231-7625,Los Angeles,CA,2024-05-23 09:00:00
315,Emma,Jones,emma.jones315@gmail.com,+1-343-324-1195,San Diego,CA,2024-05-05 14:00:00
316,Priya,Iyer,priya.iyer316@outlook.com,+1-902-845-2376,Phoenix,AZ,2024-05-08 12:00:00
317,Michael,Rodriguez,michael.rodriguez317@gmail.com,N/A,Dallas,TX,2024-05-04 00:00:00
318,Olivia,Gupta,olivia.gupta318@gmail.com,+1-243-672-1829,Chicago,IL,2024-05-27 10:00:00
319,Anita,Rodriguez,anita.rodriguez319@company.co.in,+1-230-591-7990,Atlanta,GA,2024-05-25 12:00:00
320,Anita,Johnson,anita.johnson320@outlook.com,+1-656-352-1567,San Antonio,TX,2024-05-07 08:00:00
321,Sarah,Martinez,sarah.martinez321@company.co.in,+1-621-763-8848,San Diego,CA,2024-05-22 09:00:00
322,Priya,Kumar,priya.kumar322@company.co.in,+1-404-858-9614,Dallas,TX,2024-05-14 04:00:00
323,Divya,Davis,divya.davis323@outlook.com,+1-691-757-8940,New York,NY,2024-05-14 22:00:00
324,Kavya,Rodriguez,kavya.rodriguez324@yahoo.com,+1-226-526-4588,Seattle,WA,2024-05-14 08:00:00
325,Aarav,Mehta,aarav.mehta325@example.com,+1-566-985-4813,Los Angeles,CA,2024-05-27 15:00:00
326,Anita,Singh,anita.singh326@outlook.com,+1-746-954-1916,San Diego,CA,2024-05-23 07:00:00
327,James,Iyer,james.iyer327@yahoo.com,+1-442-806-6210,Boston,MA,2024-05-13 05:00:00
328,Olivia,Johnson,olivia.johnson328@outlook.com,+1-781-777-3328,New York,NY,2024-05-24 22:00:00
329,Michael,Nair,michael.nair329@yahoo.com,+1-702-238-2478,Portland,OR,2024-05-19 09:00:00
330,Priya,Iyer,priya.iyer330@company.co.in,+1-200-539-4300,San Diego,CA,2024-05-02 16:00:00
331,Olivia,Gupta,olivia.gupta331@outlook.com,+1-260-222-3420,Seattle,WA,2024-05-24 05:00:00
332,Michael,Gupta,michael.gupta332@gmail.com,+1-582-921-7481,Houston,TX,2024-05-18 11:00:00
333,Michael,Singh,michael.singh333@yahoo.com,+1-361-949-8157,Seattle,WA,2024-05-11 10:00:00
334,Olivia,Garcia,olivia.garcia334@example.com,+1-910-828-6846,Seattle,WA,2024-05-07 22:00:00
335,Divya,Rodriguez,divya.rodriguez335@outlook.com,+1-330-381-1029,Philadelphia,PA,2024-05-14 09:00:00
336,Daniel,Rodriguez,daniel.rodriguez336@gmail.com,+1-386-816-6213,Boston,MA,2024-05-26 18:00:00
337,Ava,Martinez,ava.martinez337@gmail.com,+1-708-344-6425,San Diego,CA,2024-05-22 18:00:00
338,Sofia,Kumar,sofia.kumar338@yahoo.com,+1-851-290-6500,San Diego,CA,2024-05-13 10:00:00
339,Amit,Sharma,amit.sharma339@gmail.com,+1-558-462-2770,Dallas,TX,2024-05-08 07:00:00
340,Sofia,Sharma,sofia.sharma340@company.co.in,+1-370-623-9078,Los Angeles,CA,2024-05-14 14:00:00
341,William,Williams,william.williams341@gmail.com,+1-690-791-4695,Denver,CO,2024-05-19 12:00:00
342,Anita,Jones,anita.jones342@outlook.com,+1-220-526-5278,Chicago,IL,2024-05-27 01:00:00
343,Sneha,Kumar,sneha.kumar343@yahoo.com,+1-949-276-9962,Seattle,WA,2024-05-07 12:00:00
344,William,Kumar,william.kumar344@company.co.in,+1-921-231-8066,Seattle,WA,2024-05-21 19:00:00
345,David,Reddy,david.reddy345@gmail.com,+1-539-410-4112,Atlanta,GA,2024-05-07 01:00:00
346,Pooja,Davis,pooja.davis346@outlook.com,+1-443-298-1813,Dallas,TX,2024-05-23 09:00:00
347,Sanjay,Rodriguez,sanjay.rodriguez347@outlook.com,+1-203-637-2435,Portland,OR,2024-05-06 01:00:00
348,Meera,Martinez,meera.martinez348@gmail.com,+1-411-374-5781,Portland,OR,2024-05-08 03:00:00
349,Rahul,Garcia,rahul.garcia349@company.co.in,+1-700-876-5341,Houston,TX,2024-05-11 12:00:00
350,Rahul,Davis,rahul.davis350@company.co.in,+1-578-391-8303,Boston,MA,2024-05-07 11:00:00
351,Priya,Mehta,priya.mehta351@yahoo.com,+1-475-777-2009,Miami,FL,2024-05-16 08:00:00
352,Vikram,Singh,vikram.singh352@example.com,+1-623-974-4727,Chicago,IL,2024-05-23 11:00:00
353,Emily,Patel,emily.patel353@example.com,+1-903-686-4860,Boston,MA,2024-05-18 13:00:00
354,Neha,Joshi,neha.joshi354@gmail.com,+1-714-784-9467,Chicago,IL,2024-05-14 22:00:00
355,Olivia,Rodriguez,olivia.rodriguez355@yahoo.com,+1-371-416-4157,Phoenix,AZ,2024-05-05 14:00:00
356,Vikram,Patel,vikram.patel356@company.co.in,+1-406-842-3422,Atlanta,GA,2024-05-04 21:00:00
357,Robert,Martinez,robert.martinez357@gmail.com,+1-289-597-7510,DALLAS,TX,2024-05-12 23:00:00
358,Emily,Smith,emily.smith358@gmail.com,+1-917-838-9561,Dallas,TX,2024-05-18 14:00:00
359,Olivia,Brown,olivia.brown359@yahoo.com,+1-780-802-2641,Houston,TX,2024-05-15 04:00:00
360,Ava,Singh,ava.singh360@example.com,+1-552-620-5327,Houston,TX,2024-05-27 09:00:00
361,Sanjay,Garcia,sanjay.garcia361@outlook.com,+1-612-347-7581,Portland,OR,2024-05-03 05:00:00
362,Priya,Williams,priya.williams362@gmail.com,N/A,Seattle,WA,2024-05-24 07:00:00
363,William,Johnson,william.johnson363@outlook.com,+1-487-703-2609,New York,NY,2024-05-12 09:00:00
364,Emma,Iyer,emma.iyer364@company.co.in,+1-992-528-5414,Phoenix,AZ,2024-05-11 23:00:00
365,Sofia,Brown,sofia.brown365@yahoo.com,+1-616-958-8937,Chicago,IL,2024-05-08 14:00:00
366,James,Miller,james.miller366@yahoo.com,+1-267-518-9303,Denver,CO,2024-05-03 16:00:00
367,Sanjay,Gupta,sanjay.gupta367@yahoo.com,+1-259-455-1541,New York,NY,2024-05-07 06:00:00
368,Amit,Patel,amit.patel368@outlook.com,+1-577-675-9275,Denver,CO,2024-05-24 06:00:00
369,Sanjay,Singh,sanjay.singh369@company.co.in,+1-808-656-3909,New York,NY,2024-05-09 11:00:00
370,Emma,Garcia,emma.garcia370@outlook.com,+1-966-905-2480,Denver,CO,2024-05-13 05:00:00
371,Meera,Sharma,meera.sharma371@example.com,+1-998-419-4626,Boston,MA,2024-05-03 05:00:00
372,David,Iyer,david.iyer372@company.co.in,+1-725-220-1145,SAN ANTONIO,TX,2024-05-10 20:00:00
373,Neha,Gupta,neha.gupta373@yahoo.com,+1-458-822-6004,Philadelphia,PA,2024-05-21 00:00:00
374,Daniel,Mehta,daniel.mehta374@company.co.in,+1-458-423-8646,Atlanta,GA,2024-05-14 11:00:00
375,Meera,Miller,meera.miller375@gmail.com,N/A,Boston,MA,2024-05-20 03:00:00
376,Emily,Martinez,emily.martinez376@gmail.com,+1-693-265-6509,Austin,TX,2024-05-11 21:00:00
377,Arjun,Smith,arjun.smith377@outlook.com,+1-392-353-9475,Dallas,TX,2024-05-10 20:00:00
378,James,Iyer,james.iyer378@company.co.in,+1-876-527-3292,Los Angeles,,2024-05-27 19:00:00
379,Sofia,Sharma,sofia.sharma379@company.co.in,+1-614-597-1578,Portland,OR,2024-05-11 08:00:00
380,Michael,Rodriguez,michael.rodriguez380@yahoo.com,+1-902-747-8794,San Antonio,TX,2024-05-12 23:00:00
381,Ava,Johnson,ava.johnson381@example.com,+1-385-500-2599,Austin,TX,2024-05-07 21:00:00
382,Neha,Gupta,neha.gupta382@yahoo.com,+1-896-543-2463,Dallas,TX,2024-05-25 17:00:00
383,Divya,Johnson,divya.johnson383@company.co.in,+1-539-580-5269,San Diego,CA,2024-05-25 09:00:00
384,Michael,Joshi,michael.joshi384@gmail.com,+1-849-797-2166,Miami,FL,2024-05-05 15:00:00
385,Neha,Nair,neha.nair385@example.com,+1-505-623-1885,Houston,TX,2024-05-23 12:00:00
386,Emma,Gupta,emma.gupta386@company.co.in,+1-783-668-3346,Phoenix,AZ,2024-05-08 10:00:00
387,Rohan,Reddy,rohan.reddy387@yahoo.com,+1-520-849-1950,Chicago,IL,2024-05-17 10:00:00
388,Aarav,Jones,aarav.jones388@example.com,+1-982-362-9021,Dallas,TX,2024-05-08 05:00:00
389,Olivia,Kumar,,+1-613-639-8821,Phoenix,AZ,2024-05-21 13:00:00
390,Sanjay,Sharma,sanjay.sharma390@outlook.com,+1-214-529-9700,Los Angeles,CA,2024-05-19 06:00:00
391,Karan,Sharma,karan.sharma391@yahoo.com,+1-431-910-6641,New York,NY,2024-05-22 23:00:00
392,Meera,Gupta,meera.gupta392@example.com,+1-513-371-2069,Houston,TX,2024-05-14 16:00:00
393,Robert,Patel,robert.patel393@example.com,+1-810-736-6535,Austin,TX,2024-05-11 14:00:00
394,Pooja,Gupta,pooja.gupta394@yahoo.com,+1-368-613-1313,Seattle,WA,2024-05-17 11:00:00
395,Divya,Iyer,divya.iyer395@gmail.com,+1-803-716-3768,PHOENIX,AZ,2024-05-08 23:00:00
396,Sneha,Johnson,sneha.johnson396@outlook.com,+1-989-747-1796,Los Angeles,CA,2024-05-14 20:00:00
397,Sarah,Patel,sarah.patel397@gmail.com,+1-906-318-7828,Houston,TX,2024-05-22 00:00:00
398,Amit,Williams,amit.williams398@company.co.in,+1-918-356-4366,Houston,TX,2024-05-19 08:00:00
399,Daniel,Sharma,daniel.sharma399@gmail.com,+1-878-732-5423,Austin,TX,2024-05-15 21:00:00
400,Sarah,Martinez,sarah.martinez400@example.com,+1-936-832-2928,Phoenix,AZ,2024-05-15 03:00:00
401,Meera,Singh,meera.singh401@example.com,+1-404-996-5308,Houston,TX,2024-05-17 06:00:00
402,Robert,Miller,robert.miller402@company.co.in,+1-502-364-1645,San Antonio,TX,2024-05-13 22:00:00
403,Emily,Garcia,emily.garcia403@outlook.com,+1-440-202-1208,San Antonio,TX,2024-05-24 15:00:00
404,Laura,Kumar,laura.kumar404@company.co.in,+1-352-292-9383,Houston,TX,2024-05-20 21:00:00
405,Rahul,Singh,rahul.singh405@company.co.in,+1-503-470-8606,Dallas,TX,2024-05-22 07:00:00
406,Priya,Singh,priya.singh406@outlook.com,+1-893-520-7979,Philadelphia,PA,2024-05-03 09:00:00
407,Sofia,Singh,sofia.singh407@gmail.com,N/A,Houston,TX,2024-05-26 01:00:00
408,Rohan,Johnson,rohan.johnson408@gmail.com,+1-581-550-3996,Miami,FL,2024-05-21 08:00:00
409,Sneha,Williams,sneha.williams409@company.co.in,+1-906-689-7909,Boston,,2024-05-16 08:00:00
410,David,Reddy,david.reddy410@gmail.com,+1-363-306-7816,Houston,TX,2024-05-06 22:00:00
411,Ava,Rodriguez,ava.rodriguez411@company.co.in,+1-385-825-7221,Portland,OR,2024-05-27 18:00:00
412,James,Johnson,james.johnson412@yahoo.com,+1-694-699-2850,New York,NY,2024-05-23 23:00:00
413,William,Brown,william.brown413@outlook.com,+1-870-521-1202,Miami,FL,2024-05-03 02:00:00
414,Daniel,Miller,daniel.miller414@example.com,+1-735-904-2560,San Diego,CA,2024-05-23 10:00:00
415,Pooja,Iyer,pooja.iyer415@company.co.in,+1-352-771-1894,Portland,OR,2024-05-13 21:00:00
416,Aarav,Reddy,aarav.reddy416@gmail.com,+1-969-703-6253,Portland,OR,2024-05-17 05:00:00
417,Divya,Smith,divya.smith417@yahoo.com,+1-763-858-7203,Dallas,TX,2024-05-03 16:00:00
418,Sanjay,Iyer,sanjay.iyer418@example.com,+1-658-290-9166,Chicago,IL,2024-05-16 14:00:00
419,Amit,Smith,amit.smith419@gmail.com,+1-305-613-7755,Houston,TX,2024-05-17 23:00:00
420,Priya,Davis,priya.davis420@example.com,+1-852-511-9328,New York,NY,2024-05-04 19:00:00
421,Emily,Nair,emily.nair421@gmail.com,+1-428-665-6439,Miami,FL,2024-05-12 11:00:00
422,Emily,Martinez,emily.martinez422@outlook.com,+1-933-663-2868,Portland,OR,2024-05-24 21:00:00
423,Sneha,Iyer,sneha.iyer423@outlook.com,+1-760-734-7125,New York,NY,2024-05-12 11:00:00
424,Daniel,Singh,daniel.singh424@yahoo.com,+1-934-960-7704,Los Angeles,CA,2024-05-07 15:00:00
425,Sneha,Mehta,sneha.mehta425@company.co.in,+1-420-668-4122,San Antonio,TX,2024-05-08 03:00:00
426,Daniel,Smith,daniel.smith426@gmail.com,+1-848-888-3018,Houston,TX,2024-05-26 13:00:00
427,James,Jones,james.jones427@example.com,+1-337-710-1071,Miami,FL,2024-05-23 18:00:00
428,John,Patel,john.patel428@example.com,+1-999-381-3845,Atlanta,GA,2024-05-20 15:00:00
429,Sofia,Gupta,sofia.gupta429@example.com,+1-820-529-9259,Houston,TX,2024-05-14 21:00:00
430,William,Williams,william.williams430@yahoo.com,+1-480-607-6617,Atlanta,GA,2024-05-21 22:00:00
431,Meera,Jones,meera.jones431@example.com,+1-916-966-9393,Phoenix,AZ,2024-05-06 13:00:00
432,Meera,Davis,meera.davis432@example.com,+1-847-422-4291,Seattle,WA,2024-05-24 23:00:00
433,Karan,Martinez,karan.martinez433@yahoo.com,+1-927-865-3913,Austin,TX,2024-05-23 11:00:00
434,John,Davis,john.davis434@outlook.com,+1-775-691-7839,Seattle,WA,2024-05-24 03:00:00
435,Laura,Davis,laura.davis435@example.com,+1-309-225-7240,Austin,TX,2024-05-15 00:00:00
436,Vikram,Patel,vikram.patel436@yahoo.com,+1-493-899-5105,Los Angeles,CA,2024-05-08 08:00:00
437,Vikram,Patel,vikram.patel437@gmail.com,+1-567-663-2679,Austin,TX,2024-05-08 17:00:00
438,Sarah,Davis,sarah.davis438@example.com,+1-598-443-9370,San Diego,CA,2024-05-25 20:00:00
439,Olivia,Joshi,olivia.joshi439@company.co.in,+1-901-520-1881,Los Angeles,CA,2024-05-14 12:00:00
440,Aarav,Mehta,aarav.mehta440@yahoo.com,+1-848-921-7025,San Antonio,TX,2024-05-21 14:00:00
441,James,Rodriguez,james.rodriguez441@yahoo.com,+1-501-659-3906,San Antonio,TX,2024-05-26 23:00:00
442,Laura,Kumar,laura.kumar442@example.com,+1-322-586-1665,Philadelphia,PA,2024-05-07 23:00:00
443,Pooja,Mehta,pooja.mehta443@example.com,+1-461-205-6415,Dallas,TX,2024-05-06 05:00:00
444,Amit,Gupta,amit.gupta444@example.com,+1-252-992-5934,Los Angeles,CA,2024-05-06 10:00:00
445,Neha,Rodriguez,neha.rodriguez445@outlook.com,+1-738-425-4012,Denver,CO,2024-05-04 22:00:00
446,John,Kumar,john.kumar446@example.com,+1-613-294-6724,Philadelphia,PA,2024-05-15 17:00:00
447,Divya,Nair,divya.nair447@outlook.com,+1-423-970-9691,Seattle,WA,2024-05-12 11:00:00
448,Neha,Davis,neha.davis448@outlook.com,+1-656-446-4994,New York,NY,2024-05-05 21:00:00
449,Priya,Smith,priya.smith449@company.co.in,+1-462-753-5633,Boston,MA,2024-05-27 03:00:00
450,Aarav,Miller,aarav.miller450@company.co.in,+1-698-244-5856,Denver,CO,2024-05-18 16:00:00
451,William,Nair,william.nair451@gmail.com,+1-371-991-9814,SEATTLE,WA,2024-05-18 02:00:00
452,Emily,Sharma,emily.sharma452@yahoo.com,+1-901-634-2702,Chicago,IL,2024-05-08 21:00:00
453,Karan,Davis,karan.davis453@yahoo.com,+1-224-670-6434,Atlanta,GA,2024-05-22 02:00:00
454,Priya,Kumar,priya.kumar454@outlook.com,+1-771-272-4729,Chicago,IL,2024-05-03 05:00:00
455,Ava,Mehta,ava.mehta455@company.co.in,+1-643-523-1276,Atlanta,GA,2024-05-14 14:00:00
456,Sanjay,Singh,sanjay.singh456@example.com,+1-264-974-1745,New York,NY,2024-05-22 23:00:00
457,Daniel,Kumar,daniel.kumar457@outlook.com,+1-902-508-2417,Denver,CO,2024-05-18 03:00:00
458,Meera,Jones,meera.jones458@gmail.com,+1-685-360-9740,Boston,MA,2024-05-14 21:00:00
459,Divya,Gupta,divya.gupta459@outlook.com,+1-849-347-5883,Boston,MA,2024-05-27 17:00:00
460,Laura,Johnson,laura.johnson460@yahoo.com,+1-326-242-1082,New York,NY,2024-05-19 17:00:00
461,Michael,Martinez,michael.martinez461@gmail.com,+1-512-415-6633,Boston,MA,2024-05-19 17:00:00
462,Karan,Brown,karan.brown462@yahoo.com,+1-831-458-4183,Phoenix,AZ,2024-05-07 05:00:00
463,Sneha,Reddy,sneha.reddy463@company.co.in,+1-860-762-2198,Los Angeles,CA,2024-05-26 17:00:00
464,Meera,Kumar,meera.kumar464@example.com,+1-698-538-6851,Dallas,TX,2024-05-05 06:00:00
465,Vikram,Iyer,vikram.iyer465@gmail.com,+1-398-525-8960,Houston,TX,2024-05-11 19:00:00
466,Amit,Smith,amit.smith466@yahoo.com,+1-779-780-6971,Austin,TX,2024-05-24 18:00:00
467,Olivia,Smith,olivia.smith467@outlook.com,+1-452-426-8145,Atlanta,GA,2024-05-07 00:00:00
468,Arjun,Johnson,arjun.johnson468@outlook.com,+1-691-673-8296,Phoenix,AZ,2024-05-23 23:00:00
469,Kavya,Joshi,kavya.joshi469@yahoo.com,+1-861-821-2343,Portland,OR,2024-05-19 03:00:00
470,Robert,Mehta,robert.mehta470@outlook.com,+1-951-841-2252,Phoenix,AZ,2024-05-19 06:00:00
471,Sofia,Kumar,sofia.kumar471@gmail.com,+1-795-792-7637,New York,NY,2024-05-18 20:00:00
472,James,Rodriguez,james.rodriguez472@outlook.com,+1-756-752-8734,San Antonio,TX,2024-05-03 17:00:00
473,David,Gupta,david.gupta473@example.com,+1-950-497-3193,Denver,CO,2024-05-14 07:00:00
474,Amit,Miller,amit.miller474@example.com,+1-210-878-4913,Chicago,IL,2024-05-14 11:00:00
475,Emma,Martinez,emma.martinez475@yahoo.com,+1-656-363-3935,Philadelphia,PA,2024-05-26 16:00:00
476,Michael,Rodriguez,michael.rodriguez476@company.co.in,+1-567-241-4585,Phoenix,AZ,2024-05-25 23:00:00
477,James,Garcia,james.garcia477@outlook.com,+1-439-243-4387,San Diego,CA,2024-05-04 08:00:00
478,John,Johnson,john.johnson478@gmail.com,+1-240-864-6309,Boston,MA,2024-05-17 14:00:00
479,Sneha,Miller,sneha.miller479@example.com,+1-757-783-3848,Dallas,TX,2024-05-25 08:00:00
480,Sanjay,Williams,sanjay.williams480@gmail.com,+1-729-457-7165,Denver,CO,2024-05-20 20:00:00
481,Ava,Iyer,ava.iyer481@company.co.in,+1-693-818-1108,Boston,MA,2024-05-13 11:00:00
482,John,Gupta,john.gupta482@gmail.com,+1-726-858-5600,Miami,FL,2024-05-07 07:00:00
483,Karan,Gupta,karan.gupta483@example.com,+1-934-321-4773,Philadelphia,PA,2024-05-07 11:00:00
484,Pooja,Smith,pooja.smith484@company.co.in,+1-690-415-3641,Houston,TX,2024-05-17 21:00:00
485,David,Brown,david.brown485@yahoo.com,+1-787-806-3639,New York,NY,2024-05-09 01:00:00
486,Vikram,Miller,vikram.miller486@gmail.com,+1-370-464-3949,Los Angeles,CA,2024-05-20 04:00:00
487,John,Williams,john.williams487@outlook.com,+1-287-421-8359,New York,NY,2024-05-25 23:00:00
488,Sarah,Garcia,sarah.garcia488@company.co.in,+1-815-346-3979,Portland,OR,2024-05-07 07:00:00
489,Sarah,Miller,sarah.miller489@outlook.com,+1-664-810-2127,Dallas,TX,2024-05-07 23:00:00
490,Divya,Williams,divya.williams490@gmail.com,+1-407-735-9263,Boston,MA,2024-05-06 03:00:00
491,Laura,Brown,,+1-687-829-1639,Phoenix,AZ,2024-05-21 03:00:00
492,William,Davis,,+1-817-752-1019,Houston,TX,2024-05-04 15:00:00
493,William,Brown,william.brown493@example.com,+1-639-434-8899,Atlanta,GA,2024-05-13 01:00:00
494,Olivia,Williams,olivia.williams494@example.com,+1-300-635-3193,Denver,CO,2024-05-20 23:00:00
495,Arjun,Garcia,arjun.garcia495@example.com,+1-756-618-5223,San Diego,CA,2024-05-04 09:00:00
496,Karan,Sharma,,+1-732-207-7144,New York,NY,2024-05-20 16:00:00
497,David,Nair,david.nair497@gmail.com,+1-358-636-5155,Seattle,WA,2024-05-15 11:00:00
498,Arjun,Davis,arjun.davis498@example.com,+1-482-896-7511,Atlanta,GA,2024-05-20 11:00:00
499,James,Nair,james.nair499@company.co.in,+1-383-579-8925,Atlanta,GA,2024-05-19 17:00:00
500,Arjun,Joshi,arjun.joshi500@company.co.in,+1-953-341-2951,Denver,CO,2024-05-26 22:00:00
